date,product_id,promotion_type,discount_percentage
2025-08-11,P0016,Bundle,5
2025-08-11,P0026,Buy1Get1,20
2025-08-11,P0001,Discount,10
2025-08-11,P0051,Bundle,10
2025-08-11,P0086,Buy1Get1,20
2025-08-11,P0064,Discount,15
2025-08-11,P0040,Discount,15
2025-08-11,P0089,Discount,25
2025-08-11,P0096,Bundle,10
2025-08-11,P0021,Bundle,15
2025-08-11,P0076,Bundle,5
2025-08-11,P0017,Buy1Get1,10
2025-08-11,P0042,Bundle,25
2025-08-11,P0095,Bundle,20
2025-08-11,P0046,Buy1Get1,10
2025-08-14,P0068,Bundle,5
2025-08-14,P0004,Bundle,25
2025-08-14,P0032,Buy1Get1,5
2025-08-14,P0087,Bundle,20
2025-08-14,P0013,Discount,15
2025-08-26,P0023,Bundle,15
2025-08-26,P0089,Bundle,5
2025-08-26,P0005,Buy1Get1,15
2025-08-26,P0004,Bundle,15
2025-08-26,P0017,Buy1Get1,5
2025-08-26,P0087,Buy1Get1,5
2025-08-30,P0033,Discount,25
2025-08-30,P0028,Discount,10
2025-08-30,P0070,Buy1Get1,10
2025-08-30,P0020,Buy1Get1,20
2025-08-30,P0087,Bundle,5
2025-08-30,P0031,Discount,15
2025-08-30,P0005,Discount,15
2025-09-04,P0073,Bundle,15
2025-09-04,P0091,Buy1Get1,5
2025-09-04,P0062,Bundle,15
2025-09-04,P0095,Buy1Get1,10
2025-09-04,P0056,Bundle,5
2025-09-06,P0022,Buy1Get1,15
2025-09-06,P0047,Discount,20
2025-09-06,P0025,Buy1Get1,25
2025-09-06,P0046,Buy1Get1,25
2025-09-06,P0011,Bundle,10
2025-09-06,P0064,Discount,5
2025-09-06,P0093,Buy1Get1,5
2025-09-06,P0023,Discount,20
2025-09-06,P0078,Discount,15
2025-09-07,P0060,Buy1Get1,25
2025-09-07,P0029,Bundle,20
2025-09-07,P0010,Discount,25
2025-09-07,P0049,Bundle,10
2025-09-07,P0054,Discount,25
2025-09-07,P0026,Bundle,15
2025-09-07,P0063,Buy1Get1,5
2025-09-07,P0008,Buy1Get1,20
2025-09-07,P0068,Buy1Get1,15
2025-09-07,P0033,Bundle,20
2025-09-07,P0016,Discount,10
2025-09-07,P0013,Buy1Get1,10
2025-09-07,P0052,Discount,20
2025-09-07,P0079,Bundle,15
2025-09-14,P0028,Bundle,5
2025-09-14,P0067,Buy1Get1,20
2025-09-14,P0037,Buy1Get1,20
2025-09-14,P0068,Bundle,5
2025-09-14,P0020,Discount,25
2025-09-14,P0054,Bundle,15
2025-09-14,P0011,Buy1Get1,10
2025-09-14,P0051,Buy1Get1,25
2025-09-16,P0060,Bundle,5
2025-09-16,P0030,Discount,20
2025-09-16,P0043,Bundle,25
2025-09-16,P0096,Bundle,15
2025-09-16,P0085,Buy1Get1,20
2025-09-19,P0012,Bundle,10
2025-09-19,P0005,Discount,10
2025-09-19,P0073,Discount,5
2025-09-19,P0071,Bundle,5
2025-09-19,P0096,Discount,15
2025-09-19,P0044,Bundle,20
2025-09-19,P0081,Buy1Get1,15
2025-09-19,P0072,Bundle,20
2025-09-19,P0058,Bundle,10
2025-09-19,P0067,Discount,25
2025-10-02,P0010,Bundle,5
2025-10-02,P0031,Discount,15
2025-10-02,P0083,Bundle,25
2025-10-02,P0066,Buy1Get1,5
2025-10-02,P0046,Buy1Get1,25
2025-10-02,P0085,Discount,15
2025-10-02,P0013,Buy1Get1,5
2025-10-04,P0025,Bundle,25
2025-10-04,P0010,Discount,5
2025-10-04,P0024,Bundle,10
2025-10-04,P0051,Discount,25
2025-10-04,P0011,Bundle,10
2025-10-04,P0035,Bundle,5
2025-10-04,P0029,Discount,5
2025-10-04,P0078,Buy1Get1,25
2025-10-04,P0054,Discount,20
2025-10-04,P0041,Bundle,15
2025-10-04,P0022,Buy1Get1,5
2025-10-13,P0074,Discount,20
2025-10-13,P0086,Buy1Get1,5
2025-10-13,P0073,Buy1Get1,10
2025-10-13,P0002,Bundle,25
2025-10-13,P0067,Bundle,10
2025-10-13,P0070,Discount,25
2025-10-13,P0076,Buy1Get1,15
2025-10-13,P0055,Bundle,20
2025-10-13,P0047,Discount,15
2025-10-13,P0087,Bundle,15
2025-10-13,P0026,Discount,5
2025-10-13,P0044,Discount,25
2025-10-15,P0044,Buy1Get1,15
2025-10-15,P0046,Buy1Get1,15
2025-10-15,P0043,Discount,5
2025-10-15,P0027,Bundle,15
2025-10-15,P0004,Buy1Get1,10
2025-10-15,P0015,Buy1Get1,15
2025-10-15,P0023,Discount,15
2025-10-15,P0026,Discount,10
2025-10-20,P0031,Bundle,10
2025-10-20,P0019,Buy1Get1,25
2025-10-20,P0003,Discount,20
2025-10-20,P0013,Bundle,25
2025-10-20,P0064,Bundle,25
2025-10-23,P0055,Discount,25
2025-10-23,P0084,Buy1Get1,15
2025-10-23,P0008,Discount,15
2025-10-23,P0021,Discount,20
2025-10-23,P0090,Bundle,20
2025-10-23,P0038,Discount,20
2025-10-23,P0076,Buy1Get1,15
2025-10-23,P0015,Discount,20
2025-10-23,P0086,Bundle,25
2025-10-23,P0091,Discount,10
2025-10-23,P0003,Discount,25
2025-10-23,P0080,Bundle,15
2025-10-23,P0026,Buy1Get1,15
2025-10-23,P0081,Discount,10
2025-10-23,P0063,Discount,10
2025-11-04,P0061,Buy1Get1,25
2025-11-04,P0055,Bundle,15
2025-11-04,P0010,Buy1Get1,15
2025-11-04,P0098,Buy1Get1,10
2025-11-04,P0063,Buy1Get1,20
2025-11-04,P0008,Bundle,10
2025-11-04,P0019,Bundle,20
2025-11-04,P0007,Discount,5
2025-11-04,P0081,Buy1Get1,25
2025-11-04,P0093,Buy1Get1,25
2025-11-04,P0060,Buy1Get1,15
2025-11-04,P0015,Buy1Get1,5
2025-11-04,P0025,Bundle,10
2025-11-05,P0093,Bundle,20
2025-11-05,P0033,Bundle,10
2025-11-05,P0026,Bundle,15
2025-11-05,P0023,Discount,10
2025-11-05,P0097,Discount,15
2025-11-05,P0070,Buy1Get1,5
2025-11-05,P0028,Buy1Get1,10
2025-11-05,P0056,Discount,20
2025-11-05,P0044,Buy1Get1,15
2025-11-05,P0058,Discount,20
2025-11-05,P0062,Buy1Get1,10
2025-11-05,P0064,Bundle,20
2025-11-16,P0036,Discount,25
2025-11-16,P0014,Buy1Get1,5
2025-11-16,P0058,Bundle,15
2025-11-16,P0015,Bundle,15
2025-11-16,P0077,Buy1Get1,20
2025-11-16,P0084,Discount,5
2025-11-16,P0049,Buy1Get1,10
2025-11-16,P0020,Bundle,15
2025-11-16,P0085,Discount,20
2025-11-16,P0040,Buy1Get1,15
2025-11-16,P0046,Bundle,20
2025-11-16,P0010,Bundle,15
2025-11-16,P0044,Discount,10
2025-11-16,P0069,Bundle,20
2025-11-20,P0034,Discount,25
2025-11-20,P0009,Bundle,10
2025-11-20,P0060,Discount,15
2025-11-20,P0100,Bundle,15
2025-11-20,P0095,Buy1Get1,10
2025-11-20,P0011,Discount,5
2025-11-20,P0015,Buy1Get1,5
2025-11-20,P0035,Bundle,5
2025-11-20,P0010,Discount,20
2025-11-20,P0082,Buy1Get1,20
2025-11-20,P0085,Buy1Get1,10
2025-11-20,P0059,Buy1Get1,15
2025-11-29,P0086,Buy1Get1,25
2025-11-29,P0028,Buy1Get1,10
2025-11-29,P0085,Bundle,5
2025-11-29,P0070,Discount,10
2025-11-29,P0059,Bundle,25
2025-11-29,P0042,Buy1Get1,15
2025-11-29,P0087,Discount,20
2025-11-29,P0068,Discount,15
2025-11-29,P0010,Bundle,5
2025-11-29,P0074,Discount,15
2025-11-29,P0063,Bundle,10
2025-11-29,P0037,Discount,15
2025-12-01,P0034,Buy1Get1,20
2025-12-01,P0016,Bundle,25
2025-12-01,P0015,Buy1Get1,20
2025-12-01,P0031,Bundle,25
2025-12-01,P0100,Bundle,25
2025-12-01,P0087,Buy1Get1,5
2025-12-01,P0060,Buy1Get1,25
2025-12-04,P0096,Buy1Get1,25
2025-12-04,P0004,Buy1Get1,10
2025-12-04,P0029,Bundle,25
2025-12-04,P0084,Bundle,15
2025-12-04,P0072,Discount,5
2025-12-13,P0071,Bundle,20
2025-12-13,P0029,Bundle,15
2025-12-13,P0052,Discount,25
2025-12-13,P0012,Discount,10
2025-12-13,P0061,Buy1Get1,10
2025-12-13,P0001,Buy1Get1,25
2025-12-13,P0062,Bundle,5
2025-12-13,P0080,Buy1Get1,20
2025-12-13,P0005,Discount,25
2025-12-13,P0077,Discount,15
2025-12-13,P0013,Discount,15
2025-12-13,P0083,Discount,20
2025-12-13,P0072,Discount,15
2025-12-13,P0027,Discount,20
2025-12-13,P0068,Bundle,20
2025-12-16,P0078,Buy1Get1,20
2025-12-16,P0058,Buy1Get1,20
2025-12-16,P0057,Bundle,15
2025-12-16,P0002,Buy1Get1,15
2025-12-16,P0084,Bundle,5
2025-12-16,P0033,Buy1Get1,15
2025-12-16,P0049,Discount,15
2025-12-16,P0023,Buy1Get1,10
2025-12-16,P0052,Bundle,15
2025-12-16,P0018,Bundle,25
2025-12-16,P0048,Discount,15
2025-12-25,P0022,Buy1Get1,5
2025-12-25,P0065,Bundle,10
2025-12-25,P0093,Buy1Get1,15
2025-12-25,P0032,Bundle,15
2025-12-25,P0078,Bundle,15
2025-12-30,P0024,Bundle,10
2025-12-30,P0093,Buy1Get1,25
2025-12-30,P0071,Bundle,5
2025-12-30,P0036,Bundle,10
2025-12-30,P0053,Bundle,5
2025-12-30,P0051,Bundle,25
2025-12-30,P0076,Buy1Get1,15
2025-12-30,P0023,Buy1Get1,5
2025-12-30,P0016,Discount,20
2025-12-30,P0055,Buy1Get1,10
2025-12-30,P0031,Buy1Get1,5
2025-12-30,P0038,Bundle,5
2025-12-30,P0065,Bundle,20
2025-12-30,P0030,Discount,25
2026-01-19,P0060,Buy1Get1,15
2026-01-19,P0046,Discount,20
2026-01-19,P0064,Buy1Get1,10
2026-01-19,P0100,Bundle,15
2026-01-19,P0016,Buy1Get1,25
2026-01-19,P0082,Bundle,5
2026-01-19,P0012,Bundle,25
2026-01-19,P0032,Discount,15
2026-01-20,P0027,Bundle,20
2026-01-20,P0093,Bundle,20
2026-01-20,P0070,Buy1Get1,15
2026-01-20,P0074,Buy1Get1,15
2026-01-20,P0017,Discount,15
2026-01-20,P0036,Buy1Get1,20
2026-01-20,P0088,Discount,5
2026-01-20,P0078,Buy1Get1,20
2026-01-20,P0026,Buy1Get1,10
2026-01-22,P0089,Discount,5
2026-01-22,P0062,Bundle,20
2026-01-22,P0026,Buy1Get1,15
2026-01-22,P0015,Discount,25
2026-01-22,P0086,Buy1Get1,10
2026-01-22,P0097,Bundle,10
2026-01-22,P0040,Discount,15
2026-01-22,P0009,Discount,10
2026-01-22,P0047,Discount,5
2026-02-01,P0094,Discount,5
2026-02-01,P0040,Bundle,25
2026-02-01,P0100,Buy1Get1,15
2026-02-01,P0011,Bundle,25
2026-02-01,P0039,Discount,10
2026-02-01,P0008,Buy1Get1,25
2026-02-01,P0031,Buy1Get1,25
2026-02-01,P0065,Discount,5
2026-02-01,P0059,Discount,10
2026-02-01,P0032,Bundle,10
2026-02-01,P0017,Bundle,20
2026-02-01,P0004,Discount,10
2026-02-09,P0094,Bundle,15
2026-02-09,P0015,Buy1Get1,25
2026-02-09,P0039,Discount,25
2026-02-09,P0055,Buy1Get1,10
2026-02-09,P0053,Buy1Get1,15
2026-02-09,P0029,Discount,10
2026-02-09,P0088,Bundle,10
2026-02-09,P0080,Buy1Get1,5
2026-02-09,P0070,Discount,15
2026-02-09,P0050,Bundle,15
2026-02-09,P0087,Buy1Get1,25
2026-02-09,P0038,Bundle,5
2026-02-09,P0035,Buy1Get1,5
2026-02-09,P0066,Discount,15
2026-02-09,P0051,Discount,20
2026-02-17,P0005,Buy1Get1,5
2026-02-17,P0098,Buy1Get1,15
2026-02-17,P0077,Bundle,10
2026-02-17,P0080,Discount,15
2026-02-17,P0064,Buy1Get1,5
2026-02-17,P0049,Discount,25
2026-02-17,P0053,Buy1Get1,10
2026-02-17,P0031,Bundle,25
2026-02-17,P0029,Buy1Get1,15
2026-02-17,P0025,Bundle,5
2026-02-17,P0015,Bundle,25
2026-02-17,P0008,Discount,10
2026-02-17,P0002,Discount,25
2026-02-17,P0059,Bundle,5
2026-02-17,P0054,Discount,10
2026-02-21,P0031,Bundle,10
2026-02-21,P0034,Bundle,20
2026-02-21,P0068,Bundle,25
2026-02-21,P0055,Bundle,15
2026-02-21,P0003,Discount,5
2026-02-21,P0057,Bundle,5
2026-02-21,P0044,Buy1Get1,5
2026-02-21,P0066,Bundle,15
2026-02-21,P0020,Bundle,20
2026-02-21,P0084,Bundle,10
2026-03-17,P0066,Buy1Get1,25
2026-03-17,P0008,Discount,25
2026-03-17,P0089,Bundle,25
2026-03-17,P0049,Discount,15
2026-03-17,P0027,Discount,20
2026-03-17,P0100,Bundle,25
2026-03-17,P0082,Bundle,10
2026-03-17,P0056,Buy1Get1,15
2026-03-17,P0007,Bundle,10
2026-03-17,P0070,Discount,20
2026-03-17,P0005,Discount,15
2026-03-17,P0091,Discount,10
2026-03-19,P0100,Bundle,5
2026-03-19,P0039,Discount,10
2026-03-19,P0086,Bundle,10
2026-03-19,P0026,Discount,10
2026-03-19,P0021,Discount,25
2026-03-19,P0082,Bundle,15
2026-03-31,P0100,Buy1Get1,15
2026-03-31,P0024,Discount,10
2026-03-31,P0085,Buy1Get1,15
2026-03-31,P0099,Bundle,15
2026-03-31,P0059,Buy1Get1,25
2026-04-10,P0002,Bundle,5
2026-04-10,P0040,Bundle,25
2026-04-10,P0055,Buy1Get1,15
2026-04-10,P0008,Discount,15
2026-04-10,P0001,Bundle,20
2026-04-10,P0054,Discount,10
2026-04-10,P0026,Discount,25
2026-04-10,P0076,Buy1Get1,5
2026-04-10,P0006,Discount,15
2026-04-10,P0081,Bundle,10
2026-04-10,P0030,Discount,25
2026-04-10,P0033,Bundle,10
2026-04-11,P0021,Discount,10
2026-04-11,P0006,Discount,25
2026-04-11,P0023,Discount,5
2026-04-11,P0069,Discount,5
2026-04-11,P0090,Bundle,20
2026-04-11,P0013,Bundle,15
2026-04-11,P0082,Discount,5
2026-04-11,P0052,Bundle,20
2026-04-11,P0032,Buy1Get1,20
2026-04-11,P0046,Bundle,5
2026-04-11,P0033,Buy1Get1,5
2026-04-11,P0017,Buy1Get1,5
2026-04-11,P0031,Bundle,15
2026-04-13,P0084,Discount,5
2026-04-13,P0051,Bundle,5
2026-04-13,P0050,Bundle,25
2026-04-13,P0039,Bundle,20
2026-04-13,P0071,Bundle,20
2026-04-13,P0031,Buy1Get1,25
2026-04-13,P0086,Buy1Get1,25
2026-04-13,P0082,Buy1Get1,5
2026-04-13,P0056,Buy1Get1,10
2026-04-13,P0072,Discount,5
2026-04-13,P0089,Discount,10
2026-04-13,P0093,Discount,10
2026-04-13,P0027,Bundle,5
2026-04-14,P0011,Bundle,10
2026-04-14,P0053,Buy1Get1,15
2026-04-14,P0025,Bundle,10
2026-04-14,P0064,Buy1Get1,5
2026-04-14,P0086,Discount,25
2026-04-14,P0016,Bundle,25
2026-04-14,P0076,Bundle,25
2026-04-14,P0049,Discount,10
2026-04-16,P0066,Bundle,10
2026-04-16,P0036,Buy1Get1,5
2026-04-16,P0082,Bundle,5
2026-04-16,P0065,Buy1Get1,10
2026-04-16,P0001,Buy1Get1,5
2026-04-18,P0015,Buy1Get1,20
2026-04-18,P0063,Bundle,20
2026-04-18,P0086,Bundle,5
2026-04-18,P0021,Bundle,15
2026-04-18,P0062,Discount,25
2026-04-26,P0040,Bundle,20
2026-04-26,P0063,Discount,10
2026-04-26,P0085,Discount,5
2026-04-26,P0074,Buy1Get1,15
2026-04-26,P0042,Bundle,5
2026-04-26,P0082,Discount,5
2026-04-26,P0049,Bundle,5
2026-04-26,P0028,Discount,15
2026-04-26,P0031,Buy1Get1,20
2026-04-26,P0021,Bundle,20
2026-04-26,P0002,Buy1Get1,15
2026-04-26,P0023,Buy1Get1,15
2026-04-26,P0065,Bundle,20
2026-04-26,P0061,Discount,25
2026-05-04,P0056,Bundle,20
2026-05-04,P0089,Bundle,5
2026-05-04,P0039,Buy1Get1,15
2026-05-04,P0099,Bundle,20
2026-05-04,P0059,Bundle,5
2026-05-04,P0077,Buy1Get1,25
2026-05-04,P0097,Bundle,10
2026-05-04,P0092,Bundle,5
2026-05-04,P0054,Buy1Get1,15
2026-05-04,P0003,Discount,15
2026-05-04,P0021,Discount,10
2026-05-04,P0001,Discount,20
2026-05-04,P0033,Discount,5
2026-05-04,P0075,Bundle,25
2026-05-04,P0019,Discount,10
2026-05-12,P0079,Bundle,10
2026-05-12,P0074,Bundle,10
2026-05-12,P0081,Bundle,15
2026-05-12,P0046,Buy1Get1,10
2026-05-12,P0016,Bundle,20
2026-05-12,P0064,Discount,25
2026-05-12,P0063,Discount,5
2026-05-12,P0002,Discount,15
2026-05-12,P0010,Buy1Get1,5
2026-05-17,P0058,Discount,10
2026-05-17,P0008,Buy1Get1,5
2026-05-17,P0002,Discount,25
2026-05-17,P0004,Bundle,10
2026-05-17,P0076,Discount,15
2026-05-17,P0014,Bundle,15
2026-05-17,P0011,Bundle,10
2026-05-21,P0009,Bundle,10
2026-05-21,P0045,Discount,15
2026-05-21,P0044,Bundle,20
2026-05-21,P0028,Buy1Get1,10
2026-05-21,P0033,Buy1Get1,20
2026-05-21,P0069,Buy1Get1,15
2026-05-21,P0080,Bundle,20
2026-05-21,P0031,Discount,10
2026-05-21,P0043,Discount,20
2026-05-21,P0063,Discount,5
2026-05-21,P0018,Discount,5
2026-05-21,P0098,Bundle,15
2026-05-21,P0024,Buy1Get1,15
2026-05-21,P0001,Bundle,5
2026-05-24,P0022,Buy1Get1,10
2026-05-24,P0054,Bundle,25
2026-05-24,P0080,Bundle,15
2026-05-24,P0073,Discount,20
2026-05-24,P0031,Discount,20
2026-05-24,P0003,Discount,15
2026-05-24,P0010,Discount,25
2026-05-24,P0062,Bundle,15
2026-05-24,P0027,Bundle,15
2026-05-24,P0051,Buy1Get1,10
2026-05-24,P0086,Buy1Get1,25
2026-05-24,P0019,Bundle,15
2026-05-26,P0094,Buy1Get1,20
2026-05-26,P0021,Bundle,10
2026-05-26,P0064,Bundle,5
2026-05-26,P0088,Bundle,25
2026-05-26,P0058,Discount,25
2026-06-08,P0039,Discount,5
2026-06-08,P0091,Discount,20
2026-06-08,P0058,Bundle,25
2026-06-08,P0042,Bundle,15
2026-06-08,P0044,Buy1Get1,10
2026-06-08,P0004,Discount,15
2026-06-08,P0077,Bundle,25
2026-06-08,P0054,Discount,25
2026-06-08,P0085,Discount,25
2026-06-12,P0030,Discount,25
2026-06-12,P0048,Bundle,10
2026-06-12,P0023,Buy1Get1,15
2026-06-12,P0038,Discount,10
2026-06-12,P0044,Discount,15
2026-06-12,P0052,Discount,20
2026-06-18,P0036,Buy1Get1,10
2026-06-18,P0093,Discount,5
2026-06-18,P0086,Discount,20
2026-06-18,P0008,Bundle,10
2026-06-18,P0018,Discount,20
2026-06-26,P0070,Bundle,25
2026-06-26,P0051,Buy1Get1,15
2026-06-26,P0084,Discount,25
2026-06-26,P0072,Buy1Get1,10
2026-06-26,P0034,Discount,10
2026-06-26,P0041,Buy1Get1,5
2026-06-26,P0044,Buy1Get1,5
2026-06-26,P0035,Buy1Get1,5
2026-06-26,P0003,Discount,5
2026-06-26,P0038,Buy1Get1,10
2026-07-04,P0082,Discount,25
2026-07-04,P0050,Bundle,15
2026-07-04,P0068,Discount,5
2026-07-04,P0026,Discount,20
2026-07-04,P0009,Bundle,20
2026-07-04,P0076,Discount,10
2026-07-04,P0013,Buy1Get1,10
2026-07-07,P0010,Discount,5
2026-07-07,P0037,Bundle,20
2026-07-07,P0030,Bundle,15
2026-07-07,P0094,Buy1Get1,10
2026-07-07,P0061,Buy1Get1,5
2026-07-07,P0089,Bundle,15
2026-07-07,P0063,Bundle,5
2026-07-07,P0065,Discount,5
2026-07-07,P0043,Discount,20
2026-07-07,P0085,Buy1Get1,20
2026-07-07,P0079,Buy1Get1,5
2026-07-07,P0007,Buy1Get1,5
2026-07-07,P0016,Discount,20
2026-07-07,P0022,Bundle,25
2026-07-09,P0029,Bundle,20
2026-07-09,P0081,Buy1Get1,15
2026-07-09,P0048,Bundle,20
2026-07-09,P0016,Buy1Get1,5
2026-07-09,P0049,Buy1Get1,25
2026-07-09,P0058,Bundle,5
2026-07-09,P0042,Buy1Get1,20
2026-07-09,P0033,Bundle,20
2026-07-09,P0091,Buy1Get1,20
2026-07-09,P0075,Buy1Get1,25
2026-07-10,P0001,Discount,15
2026-07-10,P0051,Bundle,15
2026-07-10,P0074,Bundle,20
2026-07-10,P0024,Bundle,20
2026-07-10,P0065,Bundle,5
2026-07-10,P0090,Discount,25
2026-07-10,P0042,Bundle,25
2026-07-10,P0086,Bundle,25
2026-07-10,P0055,Bundle,15
2026-07-11,P0058,Bundle,10
2026-07-11,P0053,Discount,10
2026-07-11,P0084,Discount,5
2026-07-11,P0054,Discount,20
2026-07-11,P0068,Buy1Get1,10
2026-07-21,P0100,Discount,20
2026-07-21,P0039,Discount,15
2026-07-21,P0083,Buy1Get1,25
2026-07-21,P0064,Bundle,10
2026-07-21,P0067,Bundle,25
2026-07-21,P0040,Bundle,20
2026-07-21,P0076,Buy1Get1,15
2026-07-21,P0080,Discount,5
2026-07-21,P0044,Buy1Get1,5
2026-07-30,P0013,Buy1Get1,5
2026-07-30,P0017,Bundle,20
2026-07-30,P0012,Buy1Get1,25
2026-07-30,P0021,Discount,20
2026-07-30,P0052,Discount,10
2026-07-30,P0050,Buy1Get1,10
2026-07-30,P0016,Bundle,25
2026-07-30,P0062,Bundle,25
