store_id,city,store_type,area_sqft
S001,Peshawar,Suburban,4085
S002,Faisalabad,Urban,6443
S003,Lahore,Urban,10055
S004,Faisalabad,Mall,5573
S005,Faisalabad,Urban,3521
S006,Rawalpindi,Urban,14153
S007,Lahore,Suburban,13305
S008,Lahore,Urban,6343
S009,Lahore,Mall,10489
S010,Faisalabad,Urban,12192
S011,Peshawar,Mall,9373
S012,Lahore,Suburban,8175
S013,Faisalabad,Urban,2661
S014,Rawalpindi,Urban,6797
S015,Peshawar,Mall,12673
S016,Rawalpindi,Suburban,3495
S017,Peshawar,Urban,14034
S018,Faisalabad,Urban,10129
S019,Islamabad,Urban,14490
S020,Peshawar,Urban,11967
S021,Rawalpindi,Suburban,3516
S022,Faisalabad,Suburban,10369
S023,Peshawar,Suburban,8939
S024,Islamabad,Urban,10392
S025,Islamabad,Urban,9363
